portfolio_size,weight,score
150,1.5,-0.1350563988013942
150,2.0,-0.13768180401265942
200,1.5,-0.12018258307282323
100,2.0,-0.1505734396244963
100,2.5,-0.1528175454027469
200,3.0,-0.12870313776460585
150,2.5,-0.1393697434524528
200,2.5,-0.12682234054002756
100,3.0,-0.15437930854231008
100,1.5,-0.14711074673819358
200,2.0,-0.12417299709654653
150,3.0,-0.14053854066364652
250,2.5,-0.10887845002716051
250,1.5,-0.09929840333795631
250,2.0,-0.10500970372538682
250,3.0,-0.11166609477225971
